,Unnamed: 0,Policy ID,Quote ID,Policy Created At Date
0,1,005cbaaa-6b07-4397-ba37-2c7cd8e61702,e0bd2c7a-bee6-4c5b-acce-db6870b49348,2022-12-22
1,2,01c530b7-8637-457c-bcd0-1fdc176666fc,1ddd0bbc-4504-4e58-a233-469cee5bc39a,2022-11-01
2,3,0205813c-0ed7-46cc-8938-723c5f2a4f8a,e2b96fc2-5cd5-44a9-a060-966d2c048594,2022-10-06
3,4,024d4f7a-7b48-4071-ac9c-f432fc0c609d,ca750d5c-1287-4773-8a90-f2eec1660b67,2022-10-26
4,5,02663300-72af-41a7-960b-52a23b8c9590,f6887033-c7b4-45d6-a269-70f92b122909,2022-12-21
5,6,028dc19c-054d-440d-be6f-ba9bcde712c2,1ff4d22d-ae11-4633-8bb7-d6ef860ee67d,2022-11-21
6,7,038b5a1a-fddd-4199-8827-13bdf26ba986,172a9dd5-470d-44ca-9b5e-fbc4540cc55f,2023-01-20
7,8,03fdf22f-8e2d-418c-b4bd-dd35e69407a9,431458cd-01f5-41ff-a5e2-2959ff55a1c7,2022-11-01
8,9,04397c99-da62-4389-9ada-7bedea15401c,bfb7db60-8fef-461d-9223-83c0eebadfda,2022-10-27
9,10,04a2f17a-d2fd-40c5-9017-1b1f4ffb0c34,9a08af0d-5196-48ec-b8a1-693db83f7c8a,2022-10-24
10,11,0656b477-f9ff-4019-8cb8-2c1a4d3472a2,1db73a16-c66e-4645-8537-cd5baa2a6530,2022-09-28
11,12,08593d2b-7ef4-43e6-b889-39827697bf67,598776c6-1e1c-4a83-8a1a-8b71f2c7f37b,2022-09-30
12,13,088f3b04-67f4-4d0f-9950-cca37bc6bf27,6dc719cc-a01e-4087-b045-ac3752bb9919,2023-01-13
13,14,08a7fc26-315b-42b1-b19b-8a6e032413f0,6e8b84dd-1234-4804-986f-f87518b2e24a,2022-12-29
14,15,09990128-802d-447d-a6b0-933a28c1d124,aea0e4d0-1591-458f-af03-37fc459d2400,2022-12-30
15,16,0a230b09-eb05-4847-824b-da68f9d1ef7c,2aa83470-7f09-496b-a64b-b966360eac2c,2022-11-16
16,17,0a9f9b3f-3619-4d2b-824d-0c4498670906,3c9bf95f-5121-4beb-87a6-5308920cfc8e,2022-12-16
17,18,0ad829db-2319-43f6-b17c-f4e281468625,2dcdae9a-b278-4990-8052-09317097d111,2022-10-20
18,19,0b6131fc-b4c9-4eca-88f7-fe20cd5d4e8c,0f926ea8-905b-4658-b676-1624bb9f4c0e,2023-01-04
19,20,0bcdb6d9-2e72-4a74-9cde-0fa3570729af,4e7f7027-7577-4677-8a5a-f845481d042a,2022-12-22
20,21,0bcf798b-a1a3-4408-80e0-02972110046d,de6f0c41-642d-4998-8493-11bd5b66ab21,2022-11-16
21,22,0c0189f5-f7aa-4394-ae44-be4d8b9321c0,edc61dba-2df1-4bee-8a3d-e539492d6605,2023-01-03
22,23,0cf6e225-f62b-4ad2-8fe3-4834671c8a49,d43c0e5d-6106-4dcd-a719-d78bc9319a66,2022-11-16
23,24,0d2ce905-e800-4b5d-927b-6d7cd2328829,447a70b1-49cf-4b84-80f0-7fd40558f68c,2022-12-16
24,25,0d408dba-f572-4385-9b37-d9979db3d9d0,eb21d2b6-ddb6-4207-8238-1be69bf1c9ec,2022-10-21
25,26,0d4bec6d-25ed-4cb0-a8b4-f4f484116f66,8a5613b4-8abd-4c10-96e5-122728655e54,2022-11-04
26,27,0d7d5409-9f77-4ec0-a359-a97f9c55acf2,6fa1c62e-1657-4987-8b01-5aee9193af14,2022-09-13
27,28,0db5c9c0-0e2c-465b-8636-3198a92c76b6,9135e7df-db55-43d0-a2c8-10fc3f803337,2022-10-13
28,29,0e155cb4-94c8-40b4-aa95-ed9ca8e9c610,1e6aba24-39b6-4500-a41d-1af2b9a1d41e,2022-10-06
29,30,0ea2d5d5-f336-4afa-814c-81cab8744701,cac48ce4-941e-4ac9-9ec0-b59c28aab688,2023-01-09
30,31,0f00608e-3810-40ff-bcee-eb2ef982f8c6,e70b0216-47a4-4687-a957-f82ad89fdc56,2022-10-27
31,32,0f712373-c3f7-4bb3-998f-22cfd3be1c74,5e055ca1-2cb6-4ac8-9714-872a43e24933,2022-10-14
32,33,112d3461-bf98-44bb-84ae-58eb7373569e,318c437d-0b47-4d13-8bb0-5fd94dfa6192,2022-10-31
33,34,1173f42e-55db-4dda-bb8b-8b4625ced6a9,b7c34f15-63c8-46c7-b6bd-4c27d5f34d68,2022-12-22
34,35,120528ea-9579-4a3d-9912-616a868a1aff,bad529c3-c3b4-4d70-aac0-8858ac6fba5d,2022-10-05
35,36,122199d6-0e2b-4a0a-be8f-6f6edb39599a,21d0213c-04dc-47ee-a7cc-64c4f24a9f59,2022-10-28
36,37,1327be61-efaf-4614-83f9-b314888d384c,e35ad228-8b01-4e91-be15-5cc4c976ecba,2022-11-04
37,38,138211b7-d596-4fb3-93d3-bc10e90b41fd,e53aaef8-ed94-4f14-a968-7aa6c2d46d9f,2022-11-15
38,39,145a999c-8e52-4a49-8fcf-4a9cf4553b2a,a97fba58-46f6-4049-a12f-9b9dd6f5a297,2022-12-19
39,40,147e1e5d-50ca-42a6-b9a3-7f09a2534d43,ff670445-8fb6-4cc4-a311-a8f9e7747f84,2023-01-06
40,41,15203ef4-9268-40a3-8c06-0361602cbed9,3513775e-a5c1-4d5f-82b9-2c974d64b9ec,2023-01-12
41,42,155b9bbb-7c64-495b-8511-4dcf6d14622a,fe3e5d12-9dcf-4eef-948f-cddee6ae7418,2023-01-19
42,43,157d17e0-4334-442b-94d7-c602e1ee0190,4919f882-3e6c-45c7-8af3-b3f3a0da58c0,2022-10-19
43,44,15847381-66cb-403c-997b-0fad71e31bfc,db0b5953-068d-4101-b629-c824f2048297,2023-01-03
44,45,15a3be03-5c1f-4528-ac0c-ffecdd346798,3fd9f903-6201-4fe7-aed4-29a7d6f39433,2022-10-20
45,46,17573626-4378-412e-bdbe-40c55a745dd5,6c103818-2093-4eb2-bc83-b1eff16b956f,2023-01-20
46,47,17998678-68bb-4f7e-b3a4-08dbfa9973e5,000a5930-c4dc-462d-a0f2-571fed2e6aa2,2022-11-08
47,48,19a6d5ef-d9e7-4a86-8e47-c0f16b2d6cda,7a4b3b1c-4aad-4b72-b799-68257626484b,2022-10-14
48,49,19bf8d51-205b-4e77-88a4-3367e6f40d2c,fb6e4d3f-9ac7-498c-98a6-25b11492f5da,2022-11-14
49,50,19c19634-2a01-4dae-acc3-589dc30d0cc9,fdda4802-db95-4932-932b-b2b7c43e361b,2022-10-20
50,51,1a5dea90-22fa-42b5-8947-fa42e041d74b,e677ae3b-cbeb-4ffe-bb47-367ed528703e,2022-11-01
51,52,1b0b4bc0-0a40-4d2f-be2f-f64cd147dfc1,e6b4ea98-a02c-4a8b-8d6c-b99478981fe8,2022-12-29
52,53,1b604542-a2fe-427f-8c2b-bf8d35bd5566,1ec4ca2f-dbf6-48d9-a46e-19bcf75cac1a,2022-10-11
53,54,1bc8c26b-8b48-4b06-a398-8bf42841ed85,59a9322b-0360-4062-89d1-493d16fd5860,2022-11-28
54,55,1bfb5c9b-a4e3-4a1b-b185-371f77ab358c,892a0883-8fe7-4990-807c-e0fd7fa72a83,2022-12-15
55,56,1c25d53e-3274-4840-be8d-5e7f11a7dc24,cd058842-caee-4ca5-9532-9a010ab95b0e,2022-12-22
56,57,1c3b5722-f192-4024-808e-5f86410fe2d0,86695d8e-5827-49ac-ae6b-c4d3be72204d,2022-09-29
57,58,1e0d3829-9078-49f0-8cf8-b8a311c86812,92a7bf27-1817-421b-bd42-409b34f799d8,2022-12-07
58,59,1ec1a9e0-9dea-452e-9058-64e4c153efe7,19e00217-4011-49f3-bccb-8d06f2e18cd8,2022-12-08
59,60,1ed5b7ed-0e9f-4573-9ab4-a6e68fae9297,e9c7da0e-6620-4fd7-a671-fbceea79f9cc,2022-12-12
60,61,206bc31f-92f4-4a13-9101-1d7470946db5,5d0159e2-ed71-4879-b622-e64717771261,2022-10-06
61,62,20de266a-d4c6-48cf-a07e-2bfe313c5161,19603f79-5899-4516-a7f5-3881dfdc3a59,2022-11-18
62,63,211eb13b-fbf5-4435-97ea-d755bb8dfb3a,38069103-e66d-43e7-a3b4-d9e4efdc4b60,2023-01-06
63,64,21ef5161-bc41-4cea-b742-97e7491972a7,c329bace-9a15-4a04-9952-ccd581a93d8f,2022-12-30
64,65,23df539c-bb16-4049-912d-9ac3b8df4385,442f6b32-4176-4698-8539-8e5d153b4f16,2022-10-31
65,66,241071ed-11e3-4e99-8f2e-443f90b79f6a,85015ed3-683a-4964-873b-929ef4636d10,2023-01-19
66,67,250a9a12-9ea3-4c53-8e41-f521912a1d7e,42ede31f-ba5c-472c-a7e9-f033e760b54b,2022-12-29
67,68,2516e526-8fbf-4848-8fee-96550450a57e,8badb73b-c679-4be4-a6a9-383de8e0c1a0,2022-11-30
68,69,2547b520-ba11-4428-8e3c-fdd6caf9e210,0be9b9d2-30e6-4b29-ba8c-e45904b15296,2022-12-21
69,70,26df4157-6a3c-4b28-996b-4e328c532f96,ccbf6b40-6053-4d25-8eb9-83a6e435f561,2022-12-09
70,71,2729b1bd-7d7f-46c1-a971-881762d3bdb3,5f556fa8-a57f-447f-b962-7a0aec484741,2022-12-27
71,72,281399f8-a729-41f5-a0c6-00931c83450b,9e18f010-9986-4e9f-9d35-864c1df87bf2,2022-09-22
72,73,282383f1-c481-42a2-88a9-2308bfc799f5,e707cabd-1fc4-4dd3-9222-57cc5934a205,2023-01-19
73,74,2873cdff-c07b-43f7-92bf-2f5980549d0f,61dc674c-385b-4303-a6a7-f4c725e19cb9,2022-12-19
74,75,28ebeba5-12e4-4333-b14c-905c4f8e3582,a0803366-b43f-48f7-9628-a5080a865629,2022-12-05
75,76,29967658-0da4-491d-84e5-464a35e675e8,8cc171ea-b923-493a-9f0e-3477ce2be0d5,2022-09-15
76,77,2a1c39d5-b9fe-4f10-8fd8-a989f51fc0dc,e506b313-8f16-4577-95ce-3b6567b67262,2023-01-10
77,78,2a5d8935-e324-4701-9ab4-034526ebc97b,832b7399-06d3-46a1-a338-3d3695a40c79,2022-10-16
78,79,2baf4455-494d-4d1b-830f-f4a56ac5ca17,9be405f5-9846-4c6c-9951-29f401f7d54e,2023-01-06
79,80,2c2e8b95-340d-4ea1-93c3-114b2dfa9dfa,8e2b0044-9202-4388-8152-d766ef786d54,2022-11-03
80,81,2c842038-60a6-4f90-ad69-1c58d2f753ae,566098ce-849e-4b9c-b5ca-fa271626d8db,2022-11-28
81,82,2d36f36f-b1c7-4893-90bd-f4f26182d3d7,fd4cd81a-4dcb-4e28-8827-c61ef551fbc8,2022-11-28
82,83,2d55f736-b95f-428f-b747-2eb26ce62e44,f9af178d-101d-4dc0-ba18-619442cad20d,2022-11-01
83,84,2d6885d7-51e2-4e2f-ab85-3e2cc59002e5,2c769729-1b10-4138-b115-50c2cd0cf7de,2022-09-07
84,85,2f560e47-aed0-4da3-a725-45c5e1bb6168,5ddba927-e779-4a25-920f-6db420055603,2022-10-27
85,86,2f62c196-ba08-4d3e-bc86-8d8ec4f5a0fb,c7023a73-9aed-4061-b693-32762a11c853,2023-01-10
86,87,2fd8d762-66f4-40ce-859b-7c6b9ddfdb94,9a52cf5e-668d-4b51-bd45-232447e1de81,2023-01-18
87,88,2fdaa26b-4b9b-49a5-88dc-4a93c1c32280,b089d72d-d227-45d2-b2f6-58017e0356cc,2022-11-30
88,89,30e0f8f3-391e-40d8-9041-7ea83f411d81,9491b0c7-bf0b-428d-8faa-111236129a30,2022-12-29
89,90,310b19b2-a5c1-4238-badb-92a9496002dd,afa97acd-5179-492a-acf1-1493193a463a,2022-12-12
90,91,3114f507-0f12-42f8-a075-2e49e48e2cd3,c65874ad-0e02-4580-81de-928faea36fe8,2022-10-24
91,92,316c7d24-49a1-4d17-afe6-6511343d1d42,7b7d9950-0fb1-44c9-ba68-7cdfccadb354,2022-12-27
92,93,32ade53a-235b-4472-8792-63ee7814a931,3079bb85-8857-4d61-9fa4-3d2ce8470dc6,2022-12-05
93,94,330cbc95-a8af-477d-94be-75c2775ad24b,0030af8c-3237-4771-b16d-5580502da0e9,2022-12-15
94,95,33749444-0ab4-48a7-8994-d1f2732f4339,3c294bdb-e0aa-4786-9f57-4dab44743184,2022-11-07
95,96,338eb5a6-7180-4bbc-aef3-f8c30845cfa8,9c75cb86-94b4-4bb9-a2dd-2df56cb4eeef,2023-01-19
96,97,34d3efed-ce51-430d-ba19-3cb096e58fbf,1c473f82-0322-47bc-a1ac-2b0fc5d5614a,2022-12-09
97,98,34fae9b2-6edc-4386-9b4b-c434b7c80bbf,54d5d780-85a2-4df4-8751-c417da075162,2022-11-21
98,99,3523bbb8-79e2-43ec-b81b-f1a93e010c70,524a8a4c-f818-4fef-ae8d-70715099a852,2022-12-16
99,100,35bc39f9-a01d-4051-86c5-ec519b958025,3c8278f3-5cf7-491b-b7bc-30054e11a6e9,2022-12-30
100,101,38529795-61be-4fe8-abc2-57d998c9ff83,b2a04b45-f74c-49fb-ba17-f21ef9014403,2023-01-13
101,102,385b1f96-2245-4c88-ae4f-847578cf81ff,b68432cf-790d-4b95-8783-7a8796dc11e8,2022-11-14
102,103,38d4c641-5ec4-420a-ac9a-a6ec0d51a9a1,169c19f8-a09b-44ec-8ebd-82995e2b2d09,2022-12-29
103,104,39227fb2-42be-4404-9c24-33f51e5f19f1,5fee71e9-c150-4c09-853c-0a938d2b0f16,2023-01-12
104,105,3b1c0237-52ff-449e-9b37-801082b0b27c,d304e4b1-37b6-46a5-8045-696fd60910f3,2022-12-07
105,106,3b4f4ae1-7acd-4192-ba7b-bb663937bee3,aa15540d-ffcd-460f-a5cf-45150d572d58,2022-10-11
106,107,3c5314a1-6d0c-4b0e-a98f-61c6efe35708,2cbf488b-41ab-4e35-a4a2-179af297d553,2022-10-03
107,108,3cae43f8-81e3-4c63-bfb6-caa5fb8240ca,f6ee8b2a-2bf8-47ac-aa91-c88a80537a1a,2022-10-25
108,109,3ce5a22e-35cd-4574-8c41-ffff5170b115,2ad9ec8e-051d-433b-9906-16a7271af482,2022-09-30
109,110,3d862af8-9fef-4d38-9bf0-39015926660f,ff9d7bc8-9f18-463f-9123-e14b45f56dbc,2022-12-29
110,111,407dba34-49d9-4b19-9f1e-f47cce0f2e24,83fafcad-6a57-4a5d-b17a-5d5653eff6f1,2023-01-16
111,112,40ca64ac-c869-4a7a-b3cb-ddc4458cd6de,277580b7-1136-4b5b-b61f-dfcdc4279b76,2022-09-27
112,113,410a0892-15a4-4b22-8ee5-e94af79d0903,8e950a1a-7b5b-4a2c-9f1c-bca619b5c4f3,2022-12-27
113,114,41a15eac-2eec-405b-9ab1-8fa846bbdc89,f50bde28-8b4d-44d7-8c91-d79076d31751,2023-01-20
114,115,41cf6043-4f66-4bf4-97a5-38649883bd6a,42d685eb-a53c-46c6-956e-0c1f316388d7,2022-10-28
115,116,421fa2a8-54b3-478b-a7a4-f23fb013d576,fd43e817-e936-4170-8380-7b2d912acd01,2022-12-20
116,117,43c43ae3-6dd7-4315-8469-33f45d100a76,96683866-8fc3-4d0d-8471-955cd50573b2,2022-12-07
117,118,43ccb357-2588-4057-a0a0-8e1b43792b39,f6c8fe2f-7e0c-42bc-ae2f-d0ce090d80de,2022-09-30
118,119,4683f10f-228c-4978-86ff-d0a35b0bf0f3,1f0527d9-73bd-4659-aea2-faa175c5510d,2023-01-13
119,120,46d0bb42-de9c-4db4-89f1-5db28267c0c4,b557fca2-094c-41c0-9d2b-b54e13922c15,2022-11-02
120,121,47712fb3-e772-48ae-a42c-e71cb5ccadf7,9d0b9b6c-6f28-4ff9-8f83-81bd65c4b8f3,2022-11-30
121,122,47892749-8256-4354-bd6d-17f39d691e11,04061bf9-2da1-45e4-b9e1-0dd413bd0ee1,2022-10-07
122,123,47a4f14f-34e4-4768-b38d-cd3d483ecc09,86e40fab-7c12-4faa-a410-9d8a3312671f,2022-11-23
123,124,47b19dd3-96a9-47af-9482-30191557cebf,62bb23d9-6a9f-46de-a810-81156b70718b,2023-01-04
124,125,48b20750-829f-44e0-a530-45158cc0da0a,b99336e4-2452-4161-b93d-96242a884372,2022-12-19
125,126,4961174a-ac07-4f64-9f18-6a6e13537ea8,4a9071da-2e4b-4f8f-861a-a5ada1e95efc,2022-09-30
126,127,49ba54df-fee3-4207-b16d-55061f696cac,9afe3407-0c45-453d-8f45-59e54f9400b5,2022-11-02
127,128,49eeb5c5-e382-4de7-8cd6-96a3df6359f6,72ca69aa-de42-49e7-ab4d-7be8f8b6a2e2,2022-09-30
128,129,4ac04f00-ea2e-4096-9423-d59951620606,ab29b271-0903-4442-9e1c-db9789d2a4f9,2022-12-02
129,130,4adbcf0a-3137-4c6c-b10c-1c84b09891c0,87784295-1561-4687-89c8-35860ddd5b28,2023-01-13
130,131,4af9c5c1-76c4-4c99-a8b2-bef79d4bdf6a,c44e0a30-ba6f-481b-87f4-8e8b8244342d,2022-11-30
131,132,4b2947e4-e7da-48b6-a334-a8fa831a320b,40a1bddb-8f9c-4182-a559-2ca1e7a54751,2022-12-14
132,133,4ba9ce9e-fd8b-41cd-9c3b-43453d172662,f7930816-cd0e-4d7e-b2f3-b13191212955,2023-01-17
133,134,4c0f9159-e3f6-4c5c-87a2-599c295e3bd7,01adb9e3-6dfa-4a93-997f-299375ba96e6,2022-09-29
134,135,4c53ad09-8ebe-4135-8f96-2ac08b9588ef,377585fd-e7a2-4270-839f-26e850d1a246,2022-10-07
135,136,4c936bec-254a-4b29-bc80-cf8b9f0edd3a,c2a42100-49a4-4d71-8883-5e10a541cbfc,2022-10-26
136,137,4e0b1e90-072b-40c6-bae4-c13185439a60,231abcaa-11b0-4ec3-b801-df84c925a8d9,2022-09-29
137,138,4e932b38-dfd0-46b4-8346-f7d74b381e7e,906d5e09-0384-4fad-8967-c5b6a8e263c8,2022-10-11
138,139,4ea85af0-d9f5-4bfd-84f5-1fb6c88a64bf,e11605fe-3f62-4627-b215-8ebe6fce3505,2022-12-21
139,140,50c893ff-a94d-4e51-8d68-3d8058be56e1,5c7df7fb-9a84-4b68-bf50-01661a37d3a2,2022-10-07
140,141,51a2605c-8de8-44e9-a0df-78f91285984a,f1bdedf8-9817-4307-bf50-128463284256,2022-10-14
141,142,51c6d4b2-8d1f-472a-a1f3-850b848c7a3e,27bd4486-f063-47a5-86d4-86e962c1b1d9,2022-12-23
142,143,51f9da17-2853-4b66-b766-e9152b6a3679,ac5d26e4-13b6-4db0-8388-61d81439ff2f,2022-10-12
143,144,52e7d4c7-f5c2-42d8-8dc9-96e2447cdcdd,b407d39e-d2f1-4211-8a01-f3b33a835e88,2022-12-23
144,145,540a4846-0757-410f-af65-7d823a7c2e52,483acced-8970-44f1-9b2c-c98076e289f9,2022-12-06
145,146,54752f07-e831-458b-a916-f199a5a96cfd,527fac35-c061-4cfd-98ae-14a2278b1410,2023-01-06
146,147,55b93353-a9f1-48b6-9cb3-a987c49c6b94,0af3fa4c-cde8-4f11-86a4-4fa29e380640,2022-12-30
147,148,55d377ac-2991-4ae8-9f5d-de4ee91eaf66,6aaa8fab-39e4-4007-9c5e-fd30f681863f,2022-12-30
148,149,56468609-edac-4184-a312-610d2e7ecadc,31ea3dcf-513a-45a1-81fc-492c2d26f430,2022-12-20
149,150,56baef16-bc4f-405f-bd52-fe7cde380df3,6fae381b-745f-48ac-a285-dccc7919d031,2023-01-09
150,151,5750641d-c8cf-4514-b118-972d0fcc4005,2aa42060-4f5b-4575-bbe3-766abac24765,2022-12-09
151,152,57b0bb4f-1e75-4c9c-88b1-977d96ef32a1,1bc90e0c-08f0-42df-880c-9dd28a44a401,2022-10-13
152,153,57bb6415-5ede-48f2-ab36-939c96556c70,8febffc8-6819-4308-8a7c-00478dd7767f,2022-12-27
153,154,58e49df5-0b82-4058-b971-3b2994c0c972,43d8c0c3-42d1-45f2-8314-4ff02f6408df,2022-09-13
154,155,5908d5a3-c643-47fa-a1b2-8cfbc4b931db,d354451a-e2e9-4c7f-83e0-4e7a3dcaae9c,2022-12-15
155,156,59c3b183-8a78-4154-a212-8898436601e8,da63e18f-4d64-406d-920b-20350b1786a7,2022-12-21
156,157,5c0787fe-d410-4e08-83cd-aa718818bf6d,079aaf20-c1e3-4bfc-aae6-eca8a4a6fadb,2022-11-18
157,158,5caf40d6-f1fc-4615-a0b3-bbff583eba36,18697676-4490-4ec4-8559-ec20526c4d75,2023-01-17
158,159,5ce4cf86-b819-4cce-bf7c-6f08b8d35695,b23834a1-a4a0-416c-986f-d497d6a2cab1,2022-12-07
159,160,5d47b202-0444-48f0-9f51-3cf369a5018e,81aad190-3b15-4acf-945d-f0ccc9677134,2022-10-18
160,161,5d4edc88-e1c6-43d5-adc5-22968820c1aa,d584d30b-6f3b-4259-994b-32d5c8288ef7,2022-10-27
161,162,5dd8f40a-db28-4c51-b81f-5ee99ac780da,91d4f701-01ae-4931-a544-36f3afbb8b1e,2022-11-10
162,163,5e52a93a-5013-40b6-b4de-6db77c821493,415f8193-fc52-4ace-968e-3f49769af0c6,2023-01-09
163,164,5e6e0267-538a-4e39-92e9-680973be8ff3,33665cf9-b659-4535-adce-36db78599a96,2022-10-06
164,165,6093d3a7-82d5-4877-aa01-1811320887fc,97da5d8c-090a-422a-ac02-de21a3fb77cc,2022-10-03
165,166,616b52d4-eec1-4381-bb96-0bc695e50220,56a547fc-0787-429c-b5ee-6f7de455396c,2022-11-01
166,167,6174e4ae-4ba3-45b2-939d-c1894c5b6057,2d866fbe-3c06-494e-9ecc-24fcfba3127d,2022-12-30
167,168,6253aae4-4b77-4147-a0e9-62077fdd54c4,e8edfc3e-776f-44f8-8f0d-d3f25c7d995c,2022-11-29
168,169,62fdc71e-8cd6-47ba-8df5-dcc1f51c866f,e75f785f-c2b5-4611-a899-0c996afeedf5,2022-12-21
169,170,636c7deb-fa36-4421-b8df-73665a5fe4f0,7f412a59-9828-4d90-8b58-43548723fda6,2022-12-15
170,171,638a1505-6987-400d-87e5-154b8cf3c81c,3ae8db85-d2f4-4261-a2ff-fb43ec8291b6,2022-11-08
171,172,63ea94bb-d5ce-4e58-a032-1dac78b3c66e,26252627-54ea-407b-b37a-a516e6f39e8f,2023-01-05
172,173,6401a711-da84-44a6-a00b-49be32a27b1d,4c00c9e9-6e22-4872-9fd9-e7edcc8ce009,2022-12-09
173,174,64e26dfd-a077-4f63-84f2-5d0f803df4f6,d0d3947a-79ec-4c02-989f-c3685fa5fd84,2022-12-19
174,175,64ff7323-2a61-4e68-93fb-f9fa0d8c8a6d,b8bc3328-0e4c-4253-b2ac-ad3ebf8bdd60,2023-01-17
175,176,650fb95f-a39d-4a60-992b-706b81284f29,7596d423-ae0b-4e82-a6ba-6a7dfbf79680,2022-12-30
176,177,66840d3a-6a7c-425d-8313-535a7425d480,5c3d4ea2-2375-4521-9796-c78931ccf0db,2022-12-01
177,178,66abc56d-8c8f-4b83-952a-e3bd24ad6529,fc0b8a14-b711-4bbc-9ce4-9b0bae4812dd,2022-11-18
178,179,67442447-528d-4748-9960-3243c54a4f59,a0cb9185-7cdb-4cdf-ae04-db70aa4a6a02,2022-12-30
179,180,680a9c29-97ab-49a2-bc71-a8a54df7d2e9,f00eed0c-ff03-49a8-81fa-6fbb5a0cdf9d,2023-01-06
180,181,6898e7f8-b99e-4bbf-a502-3daef04ed978,c989ac66-e4d8-4228-8de2-329355becdbd,2022-10-18
181,182,6899a626-312a-44b6-b8e8-6dc50377aa98,5f0a8155-b22a-48fe-9ed6-248196f83db8,2023-01-09
182,183,69b237fd-c6c3-4a1a-89f8-5544c9b59454,61613760-0114-4ce9-9dcc-1337b59a72a2,2022-10-14
183,184,6a084632-cad8-4a3d-bc10-f0426a046ea7,64e7aedd-00c6-431f-8b93-26c3166310dd,2022-12-15
184,185,6b0d9943-9075-42bd-ab29-3af248b1a808,1ff4b78d-ff2c-4023-bf73-d75d6e5eedd9,2022-12-12
185,186,6b6523e2-6db7-45ce-aa99-b5545b821cae,5d1fec57-79cc-4efe-b120-7c773c31783f,2022-12-21
186,187,6c0c97b3-fdbc-43b8-beda-87a888a3ddda,b1c21e5d-ce02-45fb-ab61-32dc40d3a30a,2022-11-02
187,188,6cd4ca77-b4e9-4354-b2c5-526f96ba3f9d,64744b9e-fff3-48b0-9741-8b05e26d3ec2,2022-12-05
188,189,6cf9068c-b960-4793-be63-70086020138c,1d3874aa-ff12-4916-b8dd-c9972f1389a5,2022-11-01
189,190,6d166ea5-11be-4ea6-8112-d6c66663e58a,ae1108e2-e46d-4579-9074-67f7bb8ec1ca,2022-11-03
190,191,6d470448-d9f7-4374-8711-9ca6c1aa2379,6091bac1-226a-4c91-8b5d-668c43dc2bde,2022-11-21
191,192,6d9d6743-24c0-4d6c-ae3c-f8ce650d0a01,4d1ae048-ed2b-408a-ba2d-9b4f22497417,2023-01-03
192,193,6e29b67f-2d0d-4855-98f6-e9d478a4d999,fcc48f78-c4fb-4068-a01b-cf062f0bb30a,2022-12-13
193,194,6e370643-bcfa-45c4-8946-5b9dcfe50357,b6442af7-b407-4d2f-8229-d2b7c19fbe90,2022-10-07
194,195,6ea1ff21-4ee9-4538-88df-595c720a9b3e,8d3d99e5-0242-4b4f-9bcf-f635e5cd0879,2022-12-19
195,196,6fac7163-1fa1-4135-b06e-db37b0dfb344,df0560e5-4954-475f-9398-6faacdf34791,2022-12-22
196,197,6fb10ee3-fdab-48ef-8fd5-4f00a60eab59,d227cc20-7f5a-4eb4-8e96-1a05fad21723,2022-10-04
197,198,6fbf9e3a-6f85-4cba-8596-c48b35e638c1,d20afbc8-5409-412b-8fdf-2c46eecedf5c,2022-12-29
198,199,701fbb66-3ea6-4375-9591-52243f6913f6,ce428d4b-eb45-4f27-a2a4-3548c415ddfd,2022-11-16
199,200,7021e27d-5ce3-4b32-aac3-af7436eb7197,f9ab3bd1-7e84-47f7-95d5-1db0806ade30,2022-12-29
200,201,702e03df-b2ac-4a50-9222-1d72a32f53b7,74e87b2a-52c6-493b-8ec2-1422f74c9ff6,2022-12-20
201,202,731fabef-953b-4efb-af71-baf2ed4f6586,39308960-779a-4b4f-b0f9-d5811088f2d4,2022-11-01
202,203,7366c30e-0cc9-4379-8b08-eff34f7ad417,2407483a-fd88-4d9c-8637-7eb03e010448,2023-01-10
203,204,73d9c949-c394-4a7d-a2c9-1df7fa360652,fbc304a0-f93f-4a72-9f9d-0447873179d1,2022-12-22
204,205,73ffc28b-9c1b-44ee-b725-d658c78b49f6,7ea70f1b-6f14-4c1d-82c5-a16045b3e17f,2022-11-02
205,206,740e312d-539b-454e-b149-a81851077f96,da353196-af48-4965-8088-ae39b5fbcca5,2022-10-27
206,207,746f586d-8b50-4219-9656-1f474eb36545,3c27b830-df2a-4adc-b3ba-d6b661864053,2022-12-05
207,208,7475eaaa-95cc-4d20-b6eb-c8c84bfab791,12c19ff4-bf8e-4e8f-a3ba-d3a296e35aed,2023-01-06
208,209,74929c5d-f5a1-4f06-8b37-bfeb315aa031,381ff68f-34c5-434f-9094-2e32adbe16ca,2022-12-20
209,210,74c05de3-c948-4ed2-a0d2-fcb778bf1f0b,81504f61-7010-4115-ae37-6ced7b0bfdd9,2022-12-21
210,211,76b2e853-ae0c-4e59-abd6-c79632ce1e1b,56dda0ce-fd06-4aa1-9219-3966dc26af65,2022-12-05
211,212,773af94c-66c3-4c99-a5e2-5166c5179984,4be65894-6666-42e0-b9df-c9763afd1d14,2022-12-30
212,213,77ebfd92-7244-4ed9-ae6f-0a5af704ada2,21865c7f-3bff-4b2b-ac7f-0b9129cad477,2022-09-29
213,214,78add4e5-ed7c-4993-82ed-b105b5f0e5a8,1d0664ad-23f6-44cb-ac1c-3c341176a5c4,2022-12-30
214,215,78d76429-abda-4560-a0dc-8f3bc9506ae8,3448cfb8-371f-412a-99d6-63c74a12c5b2,2023-01-19
215,216,793796f6-2f8f-4442-aafb-4b2ffa379f81,cbf15438-3efd-4fe4-bb3e-340e8e44925f,2022-11-02
216,217,7a56b26a-9d20-4fe9-833d-d8097626ac65,edfe0fa5-7041-44c3-840f-dd984958fa8d,2023-01-15
217,218,7a9a8881-bb9e-4875-a9bc-d9d64665123f,75601e90-dbd6-4503-ab4c-7def0ff2da88,2022-11-04
218,219,7b73fb95-ca0f-488f-9ff4-c5dc466ba5f9,92160f3a-a45e-41dd-b9b7-1468fd86ae67,2023-01-09
219,220,7caa22d1-cfcc-4a79-b93a-4db68b8aa4f8,dac6b2cd-1f9e-4497-a2f0-c6a26f0957eb,2022-12-29
220,221,7e21eaf0-c30f-425a-95c7-9d8dfe92edbd,fbf53836-f8cb-4245-b1fa-543c14476ffd,2022-09-30
221,222,7f005459-43fb-478d-907a-800372dfad9e,759a6c4a-ad14-47f3-a40a-3d4211df8c35,2022-09-12
222,223,7f5cc072-ef66-4da9-a93c-25be7537635d,265e3e8b-3bf2-42dd-b7e3-db5558a77651,2022-12-15
223,224,80cb67d6-9d8c-4704-918e-6fe49acd540f,a0c20c27-e47a-41ee-9cd8-37eaf4fdb9e7,2023-01-04
224,225,81845085-17e1-4d36-8896-d3cf40ad865a,74469d93-4db4-47d6-a26a-522f54389f34,2022-10-03
225,226,8252d4d3-aea3-4866-babf-2946d6ddbbac,fb610a19-1c76-4198-bd85-7ab044064b5d,2022-10-03
226,227,82ab185a-dde6-4b05-9aad-7f77c28b28ce,1bf3f4b1-97f2-4337-8556-096fa876fc51,2022-12-16
227,228,82bc5b5e-1799-4503-bbf2-f2cd35773e0e,e6b446f1-a087-4a4f-99cf-aea207aaf7d1,2022-10-12
228,229,84f99745-c787-4d7f-a407-1b72781ec09b,67a73386-3f88-4366-a138-9adbb2de0a16,2023-01-03
229,230,8663a837-6fff-441c-a299-714963b9a328,58c3726d-9b8a-41ae-9a08-75b0b7c5a7b3,2023-01-03
230,231,86721d27-64a7-47a2-a84c-087856a79fc2,fcf07ec0-1149-4369-9fed-ce79678b38f4,2022-10-28
231,232,869f87df-a4d4-4da6-ad67-90c54eb05c78,66a245fb-c6aa-4184-8f46-8afb77097c0d,2022-12-16
232,233,873d4684-0828-48c7-906c-f9a1cefb6235,5142bdc0-776d-4116-9c5a-521d134fca0b,2022-11-23
233,234,8774222d-f270-4d8e-8ad7-e70cb5db6ab8,1074f87f-6938-47b3-b1bf-d99cb3bb3de6,2022-10-02
234,235,87d7e6d4-4cd4-427d-84d4-e4ea5f118c41,934123f8-71fc-4722-928c-b91b680f17b0,2022-12-29
235,236,88146ca8-6284-4d7c-92ea-e915e749e616,ee284dc5-f39b-4128-a56c-a0e238dc7c83,2022-12-08
236,237,88338f33-e7d7-4eb9-850b-29be03955e8f,e52b2a44-9751-44a4-b3c4-44a190d7d3b1,2023-01-18
237,238,88a7052c-ad00-48aa-8cee-b8122b4c9c45,48e686be-e0ee-4fe0-a26e-cfa13d0d1891,2022-11-30
238,239,88acc360-1c5a-44de-8bd6-762ab0f861ce,6f0782e1-5e00-4b6f-a3e2-2eb236a2bef2,2023-01-20
239,240,8928705a-37ba-4c2e-8036-37ddfc4e175a,b7c087db-e48f-470a-932b-21fd48f8576e,2022-12-30
240,241,89a3d2d6-c947-4162-a7bf-42d1635f2dc7,64eb69a3-24f8-4d65-9f0f-4a018757a045,2022-11-08
241,242,8ac35091-08bb-479c-afb2-5c1c6843c087,e46b5e18-d276-4469-ba37-984a4e4d1ac0,2022-11-10
242,243,8c0483c6-c98c-4090-90ec-e5ff2fd90786,8c29e381-a10b-478d-bdc7-2e4647fb7dd5,2022-12-30
243,244,8db4bc62-4e0d-4dcd-907a-655e6b1a0ec2,062d6c13-8bdc-456c-be5b-a529ee60f2ad,2023-01-04
244,245,8dd99428-8d50-4bbc-a43d-cc2ded678848,70db7c41-5279-44f9-abc7-437e913740f6,2022-12-22
245,246,8f49a394-fff6-48ed-8b1a-6cfeaeb8a938,5b0a8cad-ed7b-4aa4-93c8-4eff4ac98560,2022-10-31
246,247,8fcd7a74-467d-4f84-abb8-691c95571f76,726e1585-2709-4ed6-ae1e-b8635dde6439,2022-12-29
247,248,90e58f89-77cf-42b4-bdf5-f27ef36a7ad4,ee06fdc9-3565-4d74-9eac-494ccabe204c,2023-01-06
248,249,91119bca-48d2-4e1d-8cd3-2f09fd65872b,fd37bbc5-f52b-487e-a35f-1f7dedc5cb21,2022-12-22
249,250,91210c5f-a0ac-4d29-8970-06235a668b5c,bb93969d-8c3d-4bb1-ae1c-e400c47b595e,2022-12-20
250,251,9160c58c-5ac9-43f0-8635-e0dd4f3928fa,79bfe374-9756-4ef6-9ef8-5f2ffed2852a,2022-12-20
251,252,91c30222-ed9a-4d08-901c-08d68e2ba387,99ecb2a5-548b-4523-ae36-1a876a2eb1af,2022-10-10
252,253,92faaca4-82a0-4878-a388-091769dbbcf5,85db5957-d6ab-410f-80d9-5a46bf969166,2022-11-30
253,254,931a0c19-8144-4010-a8df-3c8905a9873a,cda898fa-bfc3-44c0-b322-4a2ca987f188,2022-12-19
254,255,946a5a72-f715-44d1-8a18-c0fe02ca7135,9c3fd77b-7e15-491d-a442-d11148fba3ae,2022-12-21
255,256,94af7cf2-6781-47e0-a158-4a41bea15552,0d3f8268-d9af-4e54-ae4f-1a2b59118640,2022-12-07
256,257,94cb5fcf-2311-4942-92ab-1e8f2128a64a,049dbfcc-0a9f-471b-b357-c7232b96303b,2022-12-20
257,258,94efeb1a-33e6-469c-8e6d-d9b5b3a5e38e,a3752890-9f97-496c-be65-a5ba20d0a9fc,2022-11-30
258,259,9516ef6f-b90f-46c8-8c4e-28f1c3e627c4,8007891d-e3f8-4c81-91b5-005a0d8d470e,2023-01-10
259,260,952084c6-7047-4af2-b5f6-e27072f73c3e,f732a9e6-8b9f-454f-960e-555b0ff7d88b,2023-01-05
260,261,9549b4bf-4802-4d07-b7c7-f26effa264aa,79981025-e64e-4cfc-b438-7a59cea48c1a,2022-11-22
261,262,95eda22a-478f-4347-9c5d-3bf076e1cc52,52a08196-0e01-47e7-abbe-a1d974814e4d,2022-12-29
262,263,964ccddb-59a0-4ce2-af36-b81af813e200,bcc76859-a1f7-43e1-8546-a242dbf3bb61,2022-10-26
263,264,96d1efc7-86b5-4b59-b9de-87ea16eeb0c5,f18f9ef4-d41a-4aeb-a691-1a8ca7790ec1,2022-12-28
264,265,977bfe0e-8b29-402f-9f6b-f9da60d0828b,a3b4adf3-58d8-4a30-8106-cbf768c1e6bd,2022-10-25
265,266,97d61a97-fbf5-4571-8f18-9afc400fd0d8,6ee9b4a3-8dc4-4097-9071-514c8ed78149,2022-10-28
266,267,98917755-648f-45b2-b3a1-6add36ae46a9,a48f19a2-e3e8-4f43-b5f0-aad1f3686780,2022-11-15
267,268,994f9e75-c110-4828-b7e4-5998e9a14f6d,1ed291a7-1c85-4486-82a0-6a1387cb0da5,2022-12-19
268,269,9993c28d-101c-4874-8ec1-4e0daf6e0f3c,7062de4c-59a9-4db9-8af5-bc6fe7d32a84,2022-10-19
269,270,9baf1ec9-dcd3-447a-83e0-52674bec6753,6e260571-c215-4c14-91c0-22f45ba12271,2022-11-11
270,271,9c07f0f9-6a2b-4626-98c0-d0b56afdb2ba,e8a2c33d-8a34-4dc0-98c2-63bcb70774cc,2022-11-18
271,272,9c62f45e-ea29-430a-812d-770c512336b0,f13b14c5-fd27-4908-be0f-5168e34d56fa,2022-12-28
272,273,9debf93b-cd0d-4aaf-9ae3-4c3e915af251,d740ad76-2d20-4751-a5fa-cdf04c0715dc,2022-12-30
273,274,9f373f6e-04bc-439c-9f5d-0573a1f8de5e,b9e895c3-a249-4362-9c57-e5fcc176915c,2022-12-21
274,275,9f4d3d38-e6d5-4d88-a394-cf950cb01cc0,129d31f2-7477-4a23-bd4f-92dda852bc60,2022-12-30
275,276,9f58a3a6-1f03-4398-8f89-d36776bd6a1a,8ad2e5cb-eee3-49cc-8b3b-45684826ddcd,2022-12-28
276,277,a0251ba1-141c-49cf-ba31-976908e8f9ae,01b7cb4b-dfea-4804-ae4a-e0a76787f168,2022-11-29
277,278,a0c6fb7c-be53-4362-b4df-b397ba11f9f3,4b06271e-2da6-44d5-a856-061b7485ea54,2022-11-11
278,279,a18af5ce-04ad-48a1-93cd-0b434e21fd55,091b1d91-93b6-4e64-8868-9f8de24427d4,2022-11-23
279,280,a1d973c5-10bc-4b28-997a-65d4024747cc,35bf9cba-5dac-4e65-8c94-9c54fea34fef,2022-12-30
280,281,a50a24d6-802f-400f-bb15-42a8dd60f575,520927ec-4eb7-4495-896f-646732b5426d,2023-01-06
281,282,a6123b2d-f7ca-416e-aa15-7ecb80e8c422,b1aa4b2e-ab8f-4f91-9d17-fdc02140786f,2023-01-17
282,283,a79484ca-23f1-4bc0-850d-bb7a8ae878bc,5d7ef808-234b-4494-829d-46098db9dec2,2022-11-08
283,284,a79d68fa-40fb-44a8-9fa5-f41f14542380,42cbc681-c415-4bbd-8a80-e73fb6e33d31,2022-12-02
284,285,a8aa33b3-5395-4496-9280-ecc53ad5011d,a2208429-2059-423f-bc6e-a2c4589312a9,2022-12-22
285,286,a8b768ff-3c2d-4e4b-9022-59c57eaa280a,0ac7b147-1c93-4f29-88e5-ea00d20b6f39,2022-12-19
286,287,a8d077ea-d7ba-462a-88ac-a083447e7a96,f04acb5e-cb5d-472c-8238-7d12def69add,2022-10-28
287,288,a987823a-f3c7-476a-95d1-17ad215a9c27,f8de1d49-a4ff-45bd-b925-8fceaff16167,2022-10-12
288,289,aa0e67a4-d705-4700-bd19-c815d3c88cb0,b55d635b-4e7f-45e4-a8c8-8109697a75f4,2022-10-19
289,290,aa16b4e8-828a-487d-ab53-b786cf980ac7,00dd1d0e-46c1-4dbd-9b48-e435d2d81a0b,2022-09-28
290,291,ab630b8b-bf01-4dab-a916-7351cb8bbc94,942f8a99-51db-4383-bcd7-141d807d59bd,2022-11-01
291,292,ac7ae84a-4dfa-4203-9f16-a192260a80c5,4d25d2f3-b55f-4c4c-95d2-c406f7e798ee,2023-01-19
292,293,acce78f3-a44f-4581-808a-fa744958611c,617467e3-5248-4914-99e4-0fc5557211fc,2022-10-28
293,294,ad7e5d4b-3e03-4526-99ce-b7b7bafbd5a8,c6d52a23-b542-4ce7-83f2-504e4982d84a,2023-01-11
294,295,ae255bb1-695d-494b-945f-a9ccf92bf09e,e8d85a95-96c5-44ba-bd24-b03a5cdaacfc,2022-10-31
295,296,ae70d84d-3c02-471c-918e-cfcd4d63c727,81470a68-e6bc-4d81-834c-73cb63d2e9a8,2022-12-07
296,297,aee7f814-fbdf-433d-801b-6a0dc16bbdba,6c7fc94e-2ea6-4b12-a578-23b44a91c3eb,2022-11-22
297,298,afa13e10-8a98-4cad-b594-3ba549914f7a,51e47a1a-d646-4ef9-b925-cf38089492a8,2023-01-16
298,299,b0fd77fa-8433-4a9e-9a3f-bec91d263c6e,0e035a80-68f9-4281-9085-e23bf308beaa,2022-12-21
299,300,b11001b3-9320-479b-9f76-bc66162f8ed4,00953281-cefa-471a-8bc4-f7e53f2c43d5,2022-12-14
300,301,b1282ff7-f8b2-42f1-9eeb-afcceee68068,11f30be6-4199-4a9f-9e25-7d19d017b8ec,2022-11-18
301,302,b1937c7f-31f8-4343-a3db-6c4d601f6c90,73f9e026-a51c-4e88-92c9-35e966d20b50,2022-12-27
302,303,b1f97645-7b60-4e2f-bee6-58289d3aa111,5ee21bc9-70e9-4bb5-9844-42eb2fa99840,2022-12-29
303,304,b2143614-2fd3-48d6-9dec-e5d7d15ada62,e5433fdb-7602-4086-b5c7-3a44b778bb84,2022-09-21
304,305,b24c755f-631a-4947-9cb5-5d12bf8fbc37,167224e5-157e-4866-a5d7-155ed2ea1270,2023-01-05
305,306,b348357b-3053-45c5-b417-7af906adb040,40ebf131-8c38-4da5-8646-bc5a19a8f0fb,2022-12-14
306,307,b360e4a0-bebd-40b6-b739-d5d1e78265bf,63f3ad61-0853-4bd3-ac61-e469f37992e2,2022-10-31
307,308,b447da3e-fcef-4395-b71b-77c96e328a50,14fb0f9a-5dec-4f4b-8835-45439b9159c0,2022-12-01
308,309,b483bf62-7d83-49f0-b53a-fb33ac1fae2a,3dd295cd-c154-426b-b32a-54d51f9bae69,2022-10-28
309,310,b51b23ea-a0fb-4b60-832f-191d1abbd70f,eb283a33-afbf-4bc1-beac-090b18f18459,2022-12-27
310,311,b6286f41-435a-49ee-8315-c8309365aafe,e0a01d3c-2349-4d47-9b5d-61f4d935a756,2022-12-07
311,312,b660f085-9032-4303-bfb9-705b75a126b2,4b55124e-c193-49ce-a473-e76745e32573,2022-10-06
312,313,b6ecda13-2ca2-436a-bf23-248fffde2e18,1dce90fc-c16c-4dbc-b778-6b7df7c8bda6,2023-01-04
313,314,b70d9a7a-a5d7-4cc3-afcc-bc1d0d09bc14,592019e8-ed5e-4bb4-a691-249c2c9c927e,2022-11-15
314,315,b761a448-c231-48c4-bddc-819637942dce,d60d30df-e00f-4655-9414-fd8822c34dea,2022-10-25
315,316,b89c81b1-e484-4e02-99a7-128b280345b5,22dc1fa3-1caf-4e4c-ab94-f3c9015e88eb,2022-09-14
316,317,b90b3fe2-e466-4242-8bc6-d0e8f7f55e3b,61bdd0e0-3494-48f2-9873-4c6b0ca7cc57,2023-01-12
317,318,b9e54298-6d0f-4cf2-a5b5-ba8b6fb966eb,70f4c367-c919-4f3c-a1db-ed9dcf9b6d6f,2022-12-27
318,319,ba307f9f-71ae-4571-bfb7-f7730062cfd9,e9acb83f-77ca-4eeb-9c05-2843b0240f49,2022-12-12
319,320,bb7d50a6-cbaf-48dd-b081-c759d088a27e,af02504c-1951-4933-8c6b-3050c0b022db,2022-09-19
320,321,bbea7e13-ca7e-4121-ba13-eb07545d5379,98ab4fdd-6a28-42e3-ad50-9ab6c92f2308,2022-12-01
321,322,bc916d8d-36b1-41ff-a54c-6b9f215136ce,edea2d1f-11a5-4b02-8915-fea61ac507cc,2023-01-13
322,323,bd68e5a5-2a57-4480-8268-89a491008c37,7bb18ef3-bc84-4999-9dcd-542926ef3b0a,2022-10-05
323,324,be729c50-8090-46fb-8f2a-7521a799c890,19a4da60-3e11-48e0-a10b-28e43d7701a0,2022-11-09
324,325,bee68579-cd44-442f-9fd9-bad1c6e17938,25cc2e58-269e-47ff-b42c-a1c397953b59,2022-12-28
325,326,bfd67ff0-3ca5-4bcc-bde6-e2e7a2eaff18,afc64ee7-b007-4973-bb47-66ea482905b5,2022-12-28
326,327,c18a5c27-6525-49c7-abd0-10c145cbcf0f,916087c1-fc14-41d7-9a45-cee55c87239d,2022-12-28
327,328,c1b40614-4381-42ca-b293-750ec06a23d8,84f57066-9ab0-4be2-a9c2-9c3a0a1b7178,2022-10-31
328,329,c3362fb6-b64c-4fbd-8bce-8f4fb20fa5d4,26e2a718-a11c-4916-ba2d-f7d8e4e116b3,2023-01-06
329,330,c3fe540e-bddf-48ca-82ae-729f0c4e01d8,4f3b68d6-4871-4926-93f2-bd0ec485eb77,2022-12-20
330,331,c563eb46-2c92-4f7f-8faa-803b31081dfd,212af98c-0d75-4d30-b586-5dc1aeeb5a8c,2022-12-14
331,332,c599f5bc-85d0-4eee-88b1-4cfd56009a8d,3d66d507-66e7-4955-b731-0975da30ec8c,2022-10-21
332,333,c5f20d5d-aaf3-4646-9285-0e538619d397,e53ab1f6-9de8-41c1-bf55-e8a4fbf87385,2022-12-15
333,334,c623e7c8-687f-437e-8e69-35e1ae879339,c61c7ca6-900e-469b-925a-2f8e46c27daa,2022-10-10
334,335,c719bbc5-7913-4425-9836-50f534b3cbbd,e646dd9c-3a61-4d88-bb41-c5b5ad3be626,2022-10-13
335,336,c8243bb2-74eb-4405-ae2f-ca5fb7c5516d,a7d8ac80-8c51-4e06-89bc-10bafee059ce,2022-12-30
336,337,c8819186-b328-4f1f-9861-b76b490d4e97,6283bb13-00bb-4f66-a4f9-d833af988804,2023-01-04
337,338,c8e2d160-06ca-4a6c-8d28-ba43d4c1dcb0,fb18d45f-940c-4e77-ba13-db7999e865eb,2022-12-14
338,339,cad58967-ef2b-4ca7-a965-5f7177adc807,71a392b8-bce1-4ca2-bb4e-44760537ac9c,2022-11-04
339,340,cc3a96dd-5fd2-4b8c-8e00-775f51ec5008,746f584a-f954-479e-8bfe-baa552167a65,2022-12-12
340,341,cd436f4f-bfc5-41a7-8379-0af03eae8e55,ddf31f3b-c9dd-4441-b1eb-8d67fb2bce57,2022-10-18
341,342,ceb8151e-b64e-48a8-93e7-f318542a53e3,a5b5aab0-2c2d-4312-85e2-3ccdebff8dff,2023-01-18
342,343,cedc85ad-e9dc-42ee-b7f7-fcb6f2986a28,15287028-7de4-43f4-a7c6-622f9571ec4b,2022-12-22
343,344,d008eb70-59c5-4a6d-97c6-4872e0bb9aca,845b2e49-b3e9-479e-97d1-f96b32d34d6e,2022-12-22
344,345,d080d34d-a8e8-4b58-9ae7-40db32524c9b,3ff78fa8-b40b-4e5b-ad1d-5ecd4be4b630,2022-12-30
345,346,d3483ed4-2b84-422c-982c-cc6cb2a64e7c,937041b6-bf84-40db-97a7-c2570aa9c441,2022-11-18
346,347,d409a372-7ac8-417a-a9dc-5190bb60ef0d,3aeeb2b9-9817-494c-8e66-6b9072cce0a9,2022-12-21
347,348,d40affec-ccd9-41b9-8036-eaa905e5d9b9,6b8e9ea7-79f8-484b-9405-5f7207aeed56,2023-01-05
348,349,d4ccbb13-a9e2-4982-8825-de83f13bf02b,7c3cd1b5-9119-4cdc-86d8-b61964b5f2ff,2022-09-21
349,350,d4f694dd-0779-4181-80d2-325667801cd3,2fe7b796-61c7-4a4c-bcc0-c00d4184498b,2022-12-12
350,351,d6209de7-0bb2-4f64-bc62-6b7b12e48ee6,966e0ba9-23a9-4c36-9971-4318159972d6,2023-01-06
351,352,d6973984-be8e-4d83-b917-c70bde73197c,486fb0f9-cf1e-46d3-adcb-b5b46dd28376,2023-01-03
352,353,d772ca1c-34e1-4bb4-8470-d5abb57d8f4f,387c525a-5cd7-41d2-9f55-2ae775ccb3ad,2022-12-09
353,354,d7a0801e-0201-4d40-929d-3d1776522d98,f193a870-2e8e-43f0-8924-cad95dc19699,2022-09-30
354,355,d805df1f-648d-4183-8994-31053b754e25,88a13990-6672-4bcd-9eb8-08a209c137f8,2023-01-06
355,356,d8612d1a-3114-4637-8716-1dfced53d765,e33f6001-d21b-4764-af00-4fd9d3729ed1,2022-11-07
356,357,d863682f-acd5-448f-8993-0166bbfaa5c7,2dbd8365-015a-478b-a4d6-d09036256df9,2023-01-03
357,358,d961f452-8cdf-40d2-b641-64d45c578230,64ba59d4-2627-4214-83cd-f4f82054f14f,2022-10-31
358,359,d9897f1f-2f5d-49ce-9c15-f040d5fad373,87eff8ac-360b-45f1-ba3e-18b747c26044,2022-12-28
359,360,da77c3ff-1e42-49b6-b595-97844d930773,79e9dee3-72be-4d73-8221-f45eeb131fcb,2023-01-06
360,361,dab5bbf2-e5e9-4c7e-a018-5edbc8fdf9f9,2abfe6a4-e408-443f-b3c8-c5c3eb84eb0b,2022-09-30
361,362,db947bed-e708-44f7-a7e0-641753d97534,58c9babc-8777-4dd6-a0e2-94d707b845c5,2023-01-05
362,363,dc6d51ae-fe12-42f1-a279-51ecda54dea2,cd06431f-9635-4c0c-9674-f330bdefa922,2022-12-08
363,364,dd20a628-c76f-4cff-b916-b3c57e856e22,3f908dcb-6972-47ea-b2d4-9a3264328484,2023-01-20
364,365,dd268923-ade1-4311-963b-052923eaf640,b5fa65fc-11f2-4367-9cc8-9616133c8ae9,2022-11-11
365,366,ddb5a8c1-37b8-4ee1-a2f9-28a2d9c0e7e5,2d5cddc7-be7f-4b9c-9d2c-0adcaf8a79a1,2022-12-29
366,367,de2b350b-2cfc-4eea-853d-e926ee7695c0,821f4b92-84d8-42ff-849d-7a7d44acc4ad,2022-09-15
367,368,dedc7ae9-ebb4-4931-b7b0-dd96cf0b0dc0,836dcb65-3e08-4e6b-87e3-d3960290c38c,2022-12-16
368,369,e004a5db-ee33-4615-a7e4-bb73d56505e3,7bee24fe-0e92-4d4e-ab07-745e71b09bb7,2022-12-14
369,370,e16f794d-68ba-4000-b3b9-5f6525f4e4a0,0c7cdd4d-25d8-48cd-91cc-79a0025a54c1,2022-10-14
370,371,e1733fc2-443f-466f-9fb3-ad1945a8d015,6e04baa9-4251-4de2-b923-1fb7ff3bcfde,2023-01-12
371,372,e23b0f22-0c79-4f7a-bdb6-9731ce683de6,0a8044d6-c154-4086-8a07-4ebf36e143e0,2022-12-01
372,373,e265c8cc-066f-4bb2-9689-8d30101ca903,1603c6d0-d559-4555-a6f9-99196c602e85,2022-10-27
373,374,e3c080fd-6d86-442f-a125-5588ee2dc35e,1d9563b1-477f-48a1-ba4f-72c76d901c26,2022-11-20
374,375,e3d43498-4995-48cf-a27f-4c8f379e5646,bf636b9a-91e5-419d-b21f-20c01e069974,2022-11-15
375,376,e4224231-7cc8-453a-90ca-c3bdd1a780a0,6fb5271a-2d27-4dad-bc05-2d2a927d738e,2022-10-26
376,377,e475d1ce-8b59-4934-a0ad-049d042f65e4,1d9ad258-bb8c-4966-9772-5e04c73e92f6,2022-12-28
377,378,e52da057-0183-49c3-a1bf-1c4b2cd67b56,d495f95e-cc3b-4f75-8bfd-37fb9f2f0d16,2022-12-06
378,379,e5581d0a-32aa-41ec-8a40-8c425d7115b7,2b8dc4ae-ccf0-43fb-87ed-6ea97875651e,2022-11-15
379,380,e5621129-6000-4ffe-b3c4-ab8e36bcf45a,fb86d0d9-dfe6-4a3c-9a93-4ae26028318a,2022-12-06
380,381,e61a75a6-47fe-4620-8853-61c9dbbf6ee7,52aef50e-3d27-4f0e-8030-0e6764ee7c17,2022-12-15
381,382,e66ddaff-2ced-477f-9ae9-dec779818a58,bcb3d630-7f1f-4d58-b41b-06b0679ba02c,2022-10-19
382,383,e694cddd-289e-469f-b974-62c2ded03ff4,c2116948-2e1b-4778-ab72-27697d9ac506,2023-01-13
383,384,e69626ab-2a76-4491-93a2-6b84d0957736,b6ce9383-881e-4bc8-aeca-0f19cd73fa28,2022-12-02
384,385,e864a3e3-ed9d-41a7-b6be-33ec7c0d5f34,c4340fb4-e5eb-413e-8a14-051ce9e2886d,2022-11-29
385,386,e8787df9-8682-48bc-a88c-cd04af778cbe,214e0e7a-d4df-4b9e-a279-0c163fd25f1f,2022-12-14
386,387,e8dad461-ee54-4d5b-af62-f573a449a060,0294a7dd-05a4-46e9-a043-e877c4495b94,2022-12-29
387,388,e91f4768-632e-421e-9487-3412f66c1114,e0a63ac1-3c04-4d7b-a1b8-e920ec1f3a58,2022-10-21
388,389,ea4cbbd0-566c-430d-8d80-b672ddf2d1f1,af1c121f-b121-4a93-b0f4-d676abed2a1e,2022-11-21
389,390,ea65f830-80f7-434f-93b1-a6ed0592c335,ff565d63-e1b7-49c3-bf58-b87f2811bb96,2022-10-27
390,391,eb63c2b5-71d2-4d05-b3d0-fbdb6ed5af59,039e97c1-7d4d-4297-8818-a73424058be9,2022-12-28
391,392,ec114623-eacd-4ea0-a0a9-8e60c4dcf845,b301e748-b2a2-4572-8904-d38abd67ff0e,2022-12-28
392,393,ed7cdbe7-43b6-41d7-acf9-bfc355bf6af6,0fda28c3-fb18-4a89-b56e-f908abdfd4e2,2022-12-30
393,394,ee60efe7-e716-4f4b-b360-c77e02829d68,0c1ad889-a1e0-4f97-9aa0-54991aa7448a,2022-11-14
394,395,efdb1226-b426-42be-9cef-3a76b2622d61,d57e8d97-6759-495f-9291-5127878bae87,2022-12-19
395,396,f032ae74-79aa-45cb-bb09-dbdbd6ec5a7a,9d6d3091-eb56-46f2-bb1f-fe137540622f,2023-01-10
396,397,f1806125-fbcd-4a12-8a4e-cc4638574e99,933259f1-fcca-47bc-a5c9-b467a756ef58,2022-10-28
397,398,f1d704a7-30f3-410d-8cdd-ab47c006ed66,53664eb5-0a5c-44f6-894c-b1aea44602c8,2022-11-01
398,399,f4786cd3-08e1-4f34-8407-60614f4b4978,15e0df3f-9963-47ee-b594-aa14acab3dfb,2023-01-10
399,400,f5093110-49fe-4065-a7bf-1d7d4b92a74e,310fe95b-fd40-4be7-a8e0-b5504692b538,2022-11-23
400,401,f64ddf74-3eb1-4c79-9d82-7eae878eaac9,4a273d6a-f8b9-426d-9974-556442e54a49,2022-11-11
401,402,f6c52ed3-3fae-4f06-83e9-6be7e24f11cd,ddcea45d-a67d-424c-a3f8-3351a606604f,2022-12-13
402,403,f791fed3-ed7d-4679-b607-d4c1e19fa2a0,b3878a33-fb25-4378-8106-f984708c20eb,2023-01-04
403,404,f7b28771-ba67-4b3d-ab01-2e48e26bfe51,c069299d-9d6f-4507-8347-3d8092b00c37,2022-11-29
404,405,f82f90ea-021f-4e2a-97e1-a5d15d347189,05d0eaa8-2d9e-480b-8ef4-3332d6f77c48,2022-11-01
405,406,f85cd842-a5bb-4f9d-8026-be04d1bab812,1a1528be-28c2-4ad7-ad18-f1018d1dbbed,2022-12-05
406,407,f88d35e8-20e0-4939-a2e7-b33dc8898011,ef59b80c-65b9-403c-b93a-12b3ad74d8fc,2022-12-19
407,408,f8b44bbe-5f5d-4df5-be9e-9adc05ecc566,30f3887e-55ce-4042-92fd-1c88665f6b6e,2022-12-05
408,409,fa253e8e-ffc5-494d-b7a8-e96042b700e2,c5403789-dee0-4eb0-8386-095c4d6635d0,2022-10-27
409,410,fa63f0fa-a615-4768-85a8-31f20f339263,aa7f5f89-d057-4bbb-8dbb-ca2d461d812f,2022-11-29
410,411,fb361b8e-4c12-4b15-bd68-e99f594c09b9,05473f37-cfef-43bc-ba69-7041e62ddd73,2022-09-27
411,412,fc465eca-1949-4f53-b198-11343870f230,358d0d71-1f9a-4a51-8f51-e0590d161f9d,2022-11-03
412,413,fcabfb43-9b05-463f-8e70-9e440c3b1605,8cf68f0e-667c-45f1-ab17-8917031aa7e2,2022-12-02
413,414,fe177cf1-51cb-4c5e-9161-a712e11a14ae,b571ea2e-bd4a-408e-a87a-bc9464c97dcb,2022-12-22
414,415,fe517683-b0b6-4597-b1d1-fec4e69daa42,fc5e9ff2-29b1-4ecd-8e82-f8d15ef1d8f1,2022-12-14
415,416,fe6e210b-50c7-4eda-9d1d-708cb7ae70ef,d18f61bc-6086-4b70-b947-eabd8be9bf54,2022-11-30
416,417,fe7f7893-5f8f-443b-a508-8589c95a6ece,3768a0e2-146d-40bf-960e-f4f8f3788962,2023-01-04
417,418,ffb225ca-b6a6-454a-9b85-b8e0ceb017f4,3e9c99a9-4969-41b7-a041-ebc6c7221117,2023-01-13
